temperature	air_quality	carbon_monoxide	gas_and_smoke	label
31.19	227	368	195	Non-Fire
31.19	222	369	179	Non-Fire
31.19	226	369	197	Non-Fire
31.19	227	368	194	Non-Fire
31.19	215	368	187	Non-Fire
31.19	223	366	186	Non-Fire
31.19	210	354	181	Non-Fire
31.19	223	355	178	Non-Fire
31.19	221	354	197	Non-Fire
31.19	214	368	193	Non-Fire
31.19	214	370	194	Non-Fire
31.19	211	355	195	Non-Fire
31.19	222	368	194	Non-Fire
31.13	223	365	191	Non-Fire
31.13	224	367	183	Non-Fire
31.06	215	366	179	Non-Fire
31.06	226	353	184	Non-Fire
31.06	225	358	176	Non-Fire
31.06	214	367	187	Non-Fire
31.06	215	353	190	Non-Fire
31.06	220	368	195	Non-Fire
31.06	220	367	192	Non-Fire
31.06	248	360	201	Non-Fire
31.06	213	366	192	Non-Fire
31	220	358	190	Non-Fire
31	224	366	183	Non-Fire
31	224	360	190	Non-Fire
31	219	368	192	Non-Fire
31	210	356	179	Non-Fire
31	221	355	184	Non-Fire
31	208	365	178	Non-Fire
30.94	218	354	196	Non-Fire
30.94	224	358	201	Non-Fire
31	217	369	198	Non-Fire
31	219	368	194	Non-Fire
31	225	365	188	Non-Fire
30.94	226	355	176	Non-Fire
30.94	230	368	195	Non-Fire
30.94	222	366	182	Non-Fire
30.94	226	369	189	Non-Fire
30.94	214	368	193	Non-Fire
30.94	224	371	189	Non-Fire
30.94	226	357	183	Non-Fire
30.94	218	359	192	Non-Fire
30.94	220	357	198	Non-Fire
30.94	224	359	195	Non-Fire
30.94	226	356	189	Non-Fire
30.94	222	368	186	Non-Fire
30.94	209	374	185	Non-Fire
30.94	215	373	179	Non-Fire
30.94	221	368	194	Non-Fire
30.94	225	368	196	Non-Fire
30.94	210	374	178	Non-Fire
30.88	221	357	186	Non-Fire
30.94	224	359	192	Non-Fire
30.94	217	358	199	Non-Fire
30.94	213	359	182	Non-Fire
30.94	223	370	195	Non-Fire
30.94	219	370	198	Non-Fire
30.94	227	358	193	Non-Fire
30.94	211	368	189	Non-Fire
30.94	213	361	179	Non-Fire
30.88	228	354	178	Non-Fire
30.88	226	370	197	Non-Fire
30.94	225	355	194	Non-Fire
30.94	218	364	178	Non-Fire
30.88	217	356	192	Non-Fire
30.88	221	358	192	Non-Fire
30.88	218	360	182	Non-Fire
30.88	216	358	196	Non-Fire
30.88	218	358	181	Non-Fire
30.88	226	374	183	Non-Fire
30.88	218	359	177	Non-Fire
30.88	216	365	177	Non-Fire
30.88	222	371	182	Non-Fire
30.88	225	368	179	Non-Fire
30.81	225	368	195	Non-Fire
30.81	220	355	177	Non-Fire
30.81	215	365	192	Non-Fire
30.81	218	358	195	Non-Fire
30.81	220	355	182	Non-Fire
30.81	223	368	192	Non-Fire
30.81	211	353	198	Non-Fire
30.88	215	361	197	Non-Fire
30.88	216	355	190	Non-Fire
30.81	214	367	186	Non-Fire
30.81	213	354	184	Non-Fire
30.81	224	355	200	Non-Fire
30.81	227	355	190	Non-Fire
30.81	218	371	192	Non-Fire
30.81	224	357	198	Non-Fire
30.81	219	368	190	Non-Fire
30.81	222	365	193	Non-Fire
30.81	220	362	197	Non-Fire
30.81	218	359	192	Non-Fire
30.81	224	359	199	Non-Fire
30.75	217	367	178	Non-Fire
30.81	213	368	178	Non-Fire
30.75	212	359	192	Non-Fire
30.75	224	368	197	Non-Fire
30.75	215	355	186	Non-Fire
30.75	214	358	195	Non-Fire
30.75	221	365	182	Non-Fire
30.75	224	369	177	Non-Fire
30.75	217	365	199	Non-Fire
30.75	212	365	176	Non-Fire
30.75	218	358	198	Non-Fire
30.69	225	362	187	Non-Fire
30.75	217	368	187	Non-Fire
30.75	212	368	195	Non-Fire
30.69	211	359	199	Non-Fire
30.69	215	354	192	Non-Fire
30.69	219	368	196	Non-Fire
30.69	221	368	180	Non-Fire
30.69	211	353	177	Non-Fire
30.69	222	368	194	Non-Fire
30.69	218	365	195	Non-Fire
30.69	212	365	193	Non-Fire
30.69	220	361	192	Non-Fire
30.69	222	352	192	Non-Fire
30.69	222	368	191	Non-Fire
30.69	215	363	189	Non-Fire
30.69	217	365	196	Non-Fire
30.69	222	367	193	Non-Fire
30.69	212	355	185	Non-Fire
30.69	210	352	192	Non-Fire
30.69	211	362	192	Non-Fire
30.69	208	358	190	Non-Fire
30.69	213	358	181	Non-Fire
30.69	211	365	190	Non-Fire
30.63	222	352	192	Non-Fire
30.69	212	357	182	Non-Fire
30.63	224	363	193	Non-Fire
30.63	208	363	189	Non-Fire
30.63	220	370	187	Non-Fire
30.63	219	355	181	Non-Fire
30.63	222	368	192	Non-Fire
30.63	222	347	186	Non-Fire
30.63	218	355	182	Non-Fire
30.63	209	368	192	Non-Fire
30.63	214	356	198	Non-Fire
30.63	208	361	190	Non-Fire
30.63	222	365	193	Non-Fire
30.63	216	365	191	Non-Fire
30.63	219	368	176	Non-Fire
30.63	219	368	179	Non-Fire
30.63	215	368	179	Non-Fire
30.63	218	362	181	Non-Fire
30.63	209	350	179	Non-Fire
30.63	208	350	178	Non-Fire
30.63	211	364	192	Non-Fire
30.63	211	368	179	Non-Fire
30.63	222	357	177	Non-Fire
30.69	216	358	181	Non-Fire
30.63	224	364	197	Non-Fire
30.69	222	351	177	Non-Fire
30.69	211	365	192	Non-Fire
30.69	219	355	192	Non-Fire
30.69	210	356	193	Non-Fire
30.69	213	363	191	Non-Fire
30.69	208	368	178	Non-Fire
30.69	217	364	187	Non-Fire
30.69	219	368	176	Non-Fire
30.75	215	359	191	Non-Fire
30.75	208	362	177	Non-Fire
30.75	216	365	181	Non-Fire
30.75	220	350	198	Non-Fire
30.75	215	367	176	Non-Fire
30.75	211	352	189	Non-Fire
30.75	218	352	193	Non-Fire
30.75	216	358	193	Non-Fire
30.75	209	362	197	Non-Fire
30.75	216	352	182	Non-Fire
30.75	216	368	176	Non-Fire
30.75	212	352	189	Non-Fire
30.75	222	363	194	Non-Fire
30.81	211	354	180	Non-Fire
30.81	209	368	185	Non-Fire
30.81	217	366	192	Non-Fire
30.81	208	349	192	Non-Fire
30.81	215	359	183	Non-Fire
30.81	213	368	192	Non-Fire
30.75	217	357	192	Non-Fire
30.81	210	350	188	Non-Fire
30.81	224	349	176	Non-Fire
30.81	223	368	176	Non-Fire
30.81	212	355	182	Non-Fire
30.81	217	352	176	Non-Fire
30.75	219	351	184	Non-Fire
30.75	215	367	195	Non-Fire
30.75	210	353	192	Non-Fire
30.75	220	368	193	Non-Fire
30.75	215	351	187	Non-Fire
30.75	223	368	187	Non-Fire
30.75	210	357	178	Non-Fire
30.75	218	350	181	Non-Fire
30.75	209	354	195	Non-Fire
30.75	221	350	176	Non-Fire
30.75	213	354	178	Non-Fire
30.75	207	351	183	Non-Fire
30.81	217	360	178	Non-Fire
30.81	210	366	178	Non-Fire
30.75	218	366	191	Non-Fire
30.75	223	352	183	Non-Fire
30.81	210	366	177	Non-Fire
30.81	210	367	178	Non-Fire
30.81	217	354	182	Non-Fire
30.81	211	352	186	Non-Fire
30.81	221	363	187	Non-Fire
30.81	209	365	195	Non-Fire
30.81	207	351	192	Non-Fire
30.81	217	363	180	Non-Fire
30.75	213	353	184	Non-Fire
30.75	214	364	176	Non-Fire
30.75	215	302	177	Non-Fire
30.75	222	355	176	Non-Fire
30.75	211	347	179	Non-Fire
30.75	218	353	188	Non-Fire
30.75	217	363	182	Non-Fire
30.75	210	358	185	Non-Fire
30.75	221	352	184	Non-Fire
30.75	222	349	188	Non-Fire
30.75	213	358	192	Non-Fire
30.75	210	358	192	Non-Fire
30.75	221	352	178	Non-Fire
30.69	209	362	181	Non-Fire
30.75	221	352	176	Non-Fire
30.75	208	365	185	Non-Fire
30.75	211	366	183	Non-Fire
30.69	220	365	181	Non-Fire
30.69	219	368	197	Non-Fire
30.69	223	352	192	Non-Fire
30.69	210	354	176	Non-Fire
30.69	209	350	190	Non-Fire
30.69	212	365	186	Non-Fire
30.69	209	359	193	Non-Fire
30.63	215	350	187	Non-Fire
30.69	210	366	198	Non-Fire
30.69	209	353	185	Non-Fire
30.63	217	352	181	Non-Fire
30.63	222	353	192	Non-Fire
30.69	222	368	177	Non-Fire
30.69	214	357	177	Non-Fire
30.63	214	358	177	Non-Fire
30.63	213	362	195	Non-Fire
30.63	221	364	176	Non-Fire
30.63	207	357	176	Non-Fire
30.63	219	362	178	Non-Fire
30.63	220	352	180	Non-Fire
30.63	219	350	189	Non-Fire
30.63	211	353	188	Non-Fire
30.63	209	365	192	Non-Fire
30.63	219	354	193	Non-Fire
30.63	208	356	185	Non-Fire
30.56	213	352	176	Non-Fire
30.63	208	358	192	Non-Fire
30.56	209	347	175	Non-Fire
30.63	208	359	178	Non-Fire
30.63	214	349	174	Non-Fire
30.63	218	354	176	Non-Fire
30.63	215	368	194	Non-Fire
30.63	213	355	192	Non-Fire
30.63	213	369	177	Non-Fire
30.63	211	352	175	Non-Fire
30.63	209	350	187	Non-Fire
30.63	212	368	176	Non-Fire
30.69	219	362	176	Non-Fire
30.69	219	359	193	Non-Fire
30.69	212	361	192	Non-Fire
30.69	211	365	196	Non-Fire
30.69	210	358	180	Non-Fire
30.69	214	366	193	Non-Fire
30.69	216	363	178	Non-Fire
30.69	217	355	193	Non-Fire
30.69	219	353	175	Non-Fire
30.69	220	363	182	Non-Fire
30.69	214	365	182	Non-Fire
30.69	213	368	179	Non-Fire
30.63	208	360	192	Non-Fire
30.69	220	352	176	Non-Fire
30.69	219	362	176	Non-Fire
30.69	215	352	195	Non-Fire
30.63	219	355	190	Non-Fire
30.63	208	352	176	Non-Fire
30.63	218	355	192	Non-Fire
30.63	208	364	193	Non-Fire
30.69	210	362	178	Non-Fire
30.63	211	352	197	Non-Fire
30.63	208	353	178	Non-Fire
30.63	207	352	192	Non-Fire
30.63	210	365	182	Non-Fire
30.63	215	353	185	Non-Fire
30.63	208	353	176	Non-Fire
30.63	219	355	176	Non-Fire
30.56	218	352	187	Non-Fire
30.56	212	363	190	Non-Fire
30.56	221	348	184	Non-Fire
30.56	216	353	185	Non-Fire
30.56	219	361	194	Non-Fire
30.56	220	345	191	Non-Fire
30.56	211	366	189	Non-Fire
30.56	208	351	178	Non-Fire
30.56	210	349	194	Non-Fire
30.56	217	362	190	Non-Fire
30.56	208	350	176	Non-Fire
30.56	220	349	177	Non-Fire
30.56	222	359	182	Non-Fire
30.56	209	355	174	Non-Fire
30.56	205	350	186	Non-Fire
30.56	219	351	176	Non-Fire
30.56	217	359	196	Non-Fire
30.56	208	353	182	Non-Fire
30.56	208	343	192	Non-Fire
30.56	211	350	178	Non-Fire
30.5	210	346	177	Non-Fire
30.56	211	367	191	Non-Fire
30.5	208	349	176	Non-Fire
30.5	208	364	180	Non-Fire
30.5	211	348	176	Non-Fire
30.5	206	350	176	Non-Fire
30.5	213	343	176	Non-Fire
30.5	210	347	182	Non-Fire
30.5	216	352	176	Non-Fire
30.5	208	350	189	Non-Fire
30.5	214	367	195	Non-Fire
30.44	211	355	191	Non-Fire
30.44	209	362	191	Non-Fire
30.44	219	352	184	Non-Fire
30.44	219	344	176	Non-Fire
30.44	211	361	177	Non-Fire
30.44	208	348	198	Non-Fire
30.44	212	345	182	Non-Fire
30.44	206	350	185	Non-Fire
30.44	221	364	198	Non-Fire
30.44	208	347	176	Non-Fire
30.44	208	356	194	Non-Fire
30.44	219	364	179	Non-Fire
30.44	214	362	195	Non-Fire
30.44	211	362	176	Non-Fire
30.38	206	354	176	Non-Fire
30.38	214	359	192	Non-Fire
30.44	214	353	176	Non-Fire
30.38	215	350	188	Non-Fire
30.38	209	357	188	Non-Fire
30.38	206	362	197	Non-Fire
30.38	217	347	189	Non-Fire
30.38	208	358	186	Non-Fire
30.38	218	347	188	Non-Fire
30.38	208	350	193	Non-Fire
30.38	210	347	192	Non-Fire
30.31	208	361	176	Non-Fire
30.38	213	347	195	Non-Fire
30.38	212	349	197	Non-Fire
30.38	205	349	176	Non-Fire
30.38	208	351	182	Non-Fire
30.38	213	351	182	Non-Fire
30.38	217	347	192	Non-Fire
30.31	210	358	194	Non-Fire
30.38	208	352	181	Non-Fire
30.38	219	348	183	Non-Fire
30.38	208	351	187	Non-Fire
30.38	205	348	186	Non-Fire
30.38	215	347	185	Non-Fire
30.44	203	356	178	Non-Fire
30.38	208	354	176	Non-Fire
30.44	215	363	174	Non-Fire
30.44	211	347	191	Non-Fire
30.44	211	364	176	Non-Fire
30.44	214	349	175	Non-Fire
30.38	208	361	189	Non-Fire
30.44	213	351	188	Non-Fire
30.44	215	355	176	Non-Fire
30.44	215	354	176	Non-Fire
30.44	212	350	177	Non-Fire
30.44	214	347	191	Non-Fire
30.44	208	345	191	Non-Fire
30.44	208	359	186	Non-Fire
30.44	218	354	177	Non-Fire
30.44	202	349	176	Non-Fire
30.44	211	346	192	Non-Fire
30.44	208	365	178	Non-Fire
30.38	206	364	183	Non-Fire
30.44	219	356	191	Non-Fire
30.44	209	347	181	Non-Fire
30.44	208	344	191	Non-Fire
30.38	213	349	175	Non-Fire
30.38	208	361	188	Non-Fire
30.44	210	354	188	Non-Fire
30.38	213	357	192	Non-Fire
30.38	213	343	192	Non-Fire
30.38	204	343	174	Non-Fire
30.38	208	343	190	Non-Fire
30.38	204	350	176	Non-Fire
30.38	205	350	177	Non-Fire
30.38	214	351	192	Non-Fire
30.38	206	352	176	Non-Fire
30.38	215	348	175	Non-Fire
30.38	203	348	189	Non-Fire
30.38	211	357	181	Non-Fire
30.38	211	354	172	Non-Fire
30.31	205	353	176	Non-Fire
30.38	207	346	185	Non-Fire
30.38	208	356	174	Non-Fire
30.31	208	349	192	Non-Fire
30.38	205	350	195	Non-Fire
30.38	212	358	177	Non-Fire
30.38	208	354	192	Non-Fire
30.38	208	351	180	Non-Fire
30.38	206	357	190	Non-Fire
30.38	205	357	191	Non-Fire
30.38	212	358	178	Non-Fire
30.38	212	354	177	Non-Fire
30.38	205	350	192	Non-Fire
30.38	209	355	189	Non-Fire
30.38	208	358	185	Non-Fire
30.38	210	346	183	Non-Fire
30.38	207	353	191	Non-Fire
30.38	205	359	176	Non-Fire
30.38	208	359	174	Non-Fire
30.38	209	353	171	Non-Fire
30.31	214	345	171	Non-Fire
30.38	203	358	182	Non-Fire
30.31	202	346	182	Non-Fire
30.38	210	340	189	Non-Fire
30.31	213	349	188	Non-Fire
30.31	203	344	176	Non-Fire
30.31	202	356	184	Non-Fire
30.31	207	353	181	Non-Fire
30.31	213	343	192	Non-Fire
30.31	211	357	176	Non-Fire
30.31	213	342	175	Non-Fire
30.31	211	340	173	Non-Fire
30.31	208	349	176	Non-Fire
30.31	212	345	187	Non-Fire
30.31	208	359	189	Non-Fire
30.31	210	354	192	Non-Fire
30.31	212	345	176	Non-Fire
30.31	203	357	192	Non-Fire
30.31	214	352	172	Non-Fire
30.31	208	346	173	Non-Fire
30.31	213	363	186	Non-Fire
30.31	210	342	174	Non-Fire
30.31	216	358	190	Non-Fire
30.31	208	342	183	Non-Fire
30.25	210	342	186	Non-Fire
30.25	198	346	176	Non-Fire
30.25	208	361	193	Non-Fire
30.31	209	363	176	Non-Fire
30.31	208	358	180	Non-Fire
30.25	208	354	188	Non-Fire
30.25	210	349	192	Non-Fire
30.31	208	342	189	Non-Fire
30.31	202	345	190	Non-Fire
30.25	202	343	182	Non-Fire
30.31	214	347	186	Non-Fire
30.31	216	348	177	Non-Fire
30.25	208	344	192	Non-Fire
30.25	208	355	187	Non-Fire
30.25	210	345	191	Non-Fire
30.25	214	343	192	Non-Fire
30.25	210	352	174	Non-Fire
30.25	201	344	188	Non-Fire
30.25	210	348	191	Non-Fire
30.25	206	358	187	Non-Fire
30.25	210	344	192	Non-Fire
30.25	212	352	186	Non-Fire
30.25	213	358	176	Non-Fire
30.25	202	356	193	Non-Fire
30.25	199	354	177	Non-Fire
30.25	200	347	191	Non-Fire
30.25	207	347	193	Non-Fire
30.25	214	346	191	Non-Fire
30.25	208	346	177	Non-Fire
30.25	208	356	171	Non-Fire
30.25	208	352	182	Non-Fire
30.25	206	348	173	Non-Fire
30.25	211	355	176	Non-Fire
30.25	213	352	183	Non-Fire
30.25	208	353	187	Non-Fire
30.31	207	349	186	Non-Fire
30.25	208	342	176	Non-Fire
30.25	208	344	190	Non-Fire
30.25	210	350	176	Non-Fire
30.25	208	353	171	Non-Fire
30.25	207	340	185	Non-Fire
30.25	213	353	177	Non-Fire
30.31	208	363	190	Non-Fire
30.25	203	358	173	Non-Fire
30.25	209	360	175	Non-Fire
30.25	202	343	192	Non-Fire
30.31	204	358	187	Non-Fire
30.31	210	350	181	Non-Fire
30.25	213	352	176	Non-Fire
30.31	214	347	191	Non-Fire
30.31	215	361	179	Non-Fire
30.31	208	346	175	Non-Fire
30.31	207	358	182	Non-Fire
30.31	205	351	190	Non-Fire
30.31	202	359	192	Non-Fire
30.31	208	350	175	Non-Fire
30.31	213	342	180	Non-Fire
30.31	208	352	188	Non-Fire
30.31	213	343	188	Non-Fire
30.31	209	355	180	Non-Fire
30.38	209	349	176	Non-Fire
30.31	212	362	174	Non-Fire
30.38	204	342	178	Non-Fire
30.38	199	349	190	Non-Fire
30.38	199	349	188	Non-Fire
30.31	240	322	176	Non-Fire
30.38	216	358	191	Non-Fire
30.38	213	357	187	Non-Fire
30.38	208	362	175	Non-Fire
30.38	207	341	174	Non-Fire
30.31	207	357	176	Non-Fire
30.38	208	347	183	Non-Fire
30.38	215	354	191	Non-Fire
30.38	212	343	189	Non-Fire
30.38	212	357	174	Non-Fire
30.38	208	350	187	Non-Fire
30.38	210	351	190	Non-Fire
30.38	208	349	180	Non-Fire
30.38	203	353	185	Non-Fire
30.38	204	358	186	Non-Fire
30.31	208	357	174	Non-Fire
30.31	208	350	181	Non-Fire
30.31	208	362	176	Non-Fire
30.31	202	363	176	Non-Fire
30.31	209	363	185	Non-Fire
30.31	208	343	176	Non-Fire
30.31	202	360	177	Non-Fire
30.31	212	357	191	Non-Fire
30.25	209	358	177	Non-Fire
30.31	207	355	184	Non-Fire
30.31	207	346	176	Non-Fire
30.31	208	350	177	Non-Fire
30.31	208	346	191	Non-Fire
30.31	216	345	176	Non-Fire
30.25	208	355	176	Non-Fire
30.25	205	351	179	Non-Fire
30.31	205	344	182	Non-Fire
30.25	210	352	191	Non-Fire
30.31	214	339	192	Non-Fire
30.31	208	361	189	Non-Fire
30.31	213	355	178	Non-Fire
30.31	206	357	175	Non-Fire
30.25	208	347	182	Non-Fire
30.31	211	339	192	Non-Fire
30.31	208	343	178	Non-Fire
30.31	213	351	182	Non-Fire
30.25	208	347	182	Non-Fire
30.31	208	356	176	Non-Fire
30.31	208	350	189	Non-Fire
30.25	203	353	195	Non-Fire
30.25	204	347	195	Non-Fire
30.31	206	345	176	Non-Fire
30.31	215	360	177	Non-Fire
30.25	217	350	194	Non-Fire
30.25	214	343	191	Non-Fire
30.25	207	356	179	Non-Fire
30.25	211	357	176	Non-Fire
30.25	204	345	178	Non-Fire
30.25	214	345	176	Non-Fire
30.25	208	343	195	Non-Fire
30.25	209	358	183	Non-Fire
30.25	208	346	193	Non-Fire
30.25	217	354	179	Non-Fire
30.25	208	362	176	Non-Fire
30.25	210	352	192	Non-Fire
30.25	208	358	192	Non-Fire
30.25	208	356	181	Non-Fire
30.25	211	345	175	Non-Fire
30.25	210	361	192	Non-Fire
30.25	211	353	191	Non-Fire
30.25	200	357	180	Non-Fire
30.25	211	357	176	Non-Fire
30.25	199	341	181	Non-Fire
30.25	215	352	176	Non-Fire
30.19	203	345	185	Non-Fire
30.19	208	342	176	Non-Fire
30.19	213	340	183	Non-Fire
30.19	210	363	185	Non-Fire
30.19	205	347	176	Non-Fire
30.25	215	356	177	Non-Fire
30.19	207	356	187	Non-Fire
30.19	202	349	191	Non-Fire
30.19	208	343	193	Non-Fire
30.19	206	343	176	Non-Fire
30.19	214	355	177	Non-Fire
30.19	208	357	180	Non-Fire
30.19	208	352	192	Non-Fire
30.19	208	358	194	Non-Fire
30.19	208	349	176	Non-Fire
30.19	212	341	192	Non-Fire
30.19	206	354	183	Non-Fire
30.19	209	355	175	Non-Fire
30.19	203	355	177	Non-Fire
30.19	208	350	181	Non-Fire
30.19	206	345	184	Non-Fire
30.19	209	342	186	Non-Fire
30.13	210	342	194	Non-Fire
30.19	208	363	176	Non-Fire
30.19	210	345	195	Non-Fire
30.19	212	342	193	Non-Fire
30.19	207	343	194	Non-Fire
30.19	214	342	176	Non-Fire
30.19	219	340	177	Non-Fire
30.19	212	346	181	Non-Fire
30.19	216	355	181	Non-Fire
30.13	214	356	176	Non-Fire
30.19	214	353	176	Non-Fire
30.19	208	359	176	Non-Fire
30.19	217	359	176	Non-Fire
30.19	208	345	173	Non-Fire
30.19	203	357	176	Non-Fire
30.19	212	339	187	Non-Fire
30.19	208	355	176	Non-Fire
30.19	213	355	191	Non-Fire
30.19	208	349	175	Non-Fire
30.19	213	352	193	Non-Fire
30.13	214	342	176	Non-Fire
30.19	211	354	175	Non-Fire
30.13	208	342	192	Non-Fire
30.19	203	357	177	Non-Fire
30.19	205	345	176	Non-Fire
30.13	203	355	192	Non-Fire
30.19	208	350	176	Non-Fire
30.13	208	346	176	Non-Fire
30.13	199	353	175	Non-Fire
30.13	210	354	176	Non-Fire
30.13	215	352	176	Non-Fire
30.06	208	348	188	Non-Fire
30.13	209	343	177	Non-Fire
30.13	211	353	191	Non-Fire
30.13	213	355	182	Non-Fire
30.13	204	353	183	Non-Fire
30.13	208	353	188	Non-Fire
30.13	211	355	176	Non-Fire
30.06	202	340	183	Non-Fire
30.06	199	354	171	Non-Fire
30.06	208	343	192	Non-Fire
30.06	209	357	177	Non-Fire
30.06	210	358	186	Non-Fire
30.06	205	353	182	Non-Fire
30.06	213	356	178	Non-Fire
30.06	210	340	175	Non-Fire
30.06	211	348	176	Non-Fire
30.06	202	343	176	Non-Fire
30.06	205	351	180	Non-Fire
30.06	206	351	191	Non-Fire
30.06	206	339	176	Non-Fire
30.06	207	361	192	Non-Fire
30.06	208	338	177	Non-Fire
30.06	201	341	175	Non-Fire
30.06	207	341	185	Non-Fire
30.06	209	343	170	Non-Fire
30.06	208	356	188	Non-Fire
30.06	202	357	178	Non-Fire
30.06	206	349	189	Non-Fire
30.06	214	343	178	Non-Fire
30.06	208	354	175	Non-Fire
30.06	208	338	179	Non-Fire
30.06	212	337	178	Non-Fire
30.06	206	343	175	Non-Fire
30.13	208	354	175	Non-Fire
30.06	209	353	181	Non-Fire
30.13	209	351	186	Non-Fire
30.06	208	339	191	Non-Fire
30.06	205	349	178	Non-Fire
30.06	208	350	188	Non-Fire
30.06	208	342	183	Non-Fire
30.13	210	355	188	Non-Fire
30.13	198	347	191	Non-Fire
30.13	200	340	177	Non-Fire
30.13	209	346	190	Non-Fire
30.13	198	349	181	Non-Fire
30.13	206	342	171	Non-Fire
30.13	210	343	177	Non-Fire
30.13	209	352	175	Non-Fire
30.13	210	339	178	Non-Fire
30.13	202	352	187	Non-Fire
30.13	198	344	176	Non-Fire
30.13	205	355	174	Non-Fire
30.13	208	336	177	Non-Fire
30.13	196	352	186	Non-Fire
30.13	208	346	176	Non-Fire
30.13	206	337	187	Non-Fire
30.13	204	336	179	Non-Fire
30.13	199	352	187	Non-Fire
30.13	210	356	171	Non-Fire
30.13	203	337	189	Non-Fire
30.13	210	352	169	Non-Fire
30.13	212	353	185	Non-Fire
30.13	208	341	171	Non-Fire
30.06	201	341	176	Non-Fire
30.06	203	345	188	Non-Fire
30.06	209	342	188	Non-Fire
30.13	208	352	169	Non-Fire
30.13	208	351	189	Non-Fire
30.06	208	352	174	Non-Fire
30.06	207	338	185	Non-Fire
30.06	204	340	189	Non-Fire
30.06	208	339	176	Non-Fire
30.06	208	354	173	Non-Fire
30.06	198	343	174	Non-Fire
30.06	207	338	188	Non-Fire
30.06	203	353	170	Non-Fire
30.06	206	354	183	Non-Fire
30.06	208	343	179	Non-Fire
30.06	203	338	190	Non-Fire
30.06	208	350	185	Non-Fire
30.06	210	355	191	Non-Fire
30.06	209	352	182	Non-Fire
30.06	213	351	189	Non-Fire
30.06	208	352	169	Non-Fire
30.06	210	348	181	Non-Fire
30	211	356	196	Non-Fire
30.06	214	346	192	Non-Fire
30.06	210	347	200	Non-Fire
30.06	210	357	208	Non-Fire
30.06	228	355	190	Non-Fire
30.06	224	349	195	Non-Fire
30.06	218	347	196	Non-Fire
30.06	225	348	210	Non-Fire
30	222	352	209	Non-Fire
30.06	234	358	219	Non-Fire
30	231	352	205	Non-Fire
30.06	231	362	209	Non-Fire
30.06	221	366	209	Non-Fire
30	235	352	208	Non-Fire
30.06	227	363	213	Non-Fire
30	228	357	209	Non-Fire
30	229	361	215	Non-Fire
30	229	349	222	Non-Fire
30	226	368	205	Non-Fire
30	230	368	224	Non-Fire
30	225	350	214	Non-Fire
30	225	348	208	Non-Fire
30	223	368	205	Non-Fire
30	226	365	220	Non-Fire
30	224	369	207	Non-Fire
30	226	368	208	Non-Fire
30.06	232	368	215	Non-Fire
30	231	362	199	Non-Fire
30	218	368	200	Non-Fire
30	227	353	214	Non-Fire
30	229	366	213	Non-Fire
30	218	354	208	Non-Fire
30.06	227	362	214	Non-Fire
30.06	234	351	192	Non-Fire
30	219	354	211	Non-Fire
30	227	351	202	Non-Fire
30	214	358	199	Non-Fire
30	226	366	210	Non-Fire
30	218	348	196	Non-Fire
30	219	352	207	Non-Fire
30	212	353	195	Non-Fire
30	214	358	194	Non-Fire
30	214	346	201	Non-Fire
30	219	350	195	Non-Fire
30	223	361	205	Non-Fire
30	224	350	208	Non-Fire
30	216	346	208	Non-Fire
30	229	352	208	Non-Fire
30	223	351	190	Non-Fire
30.06	220	349	207	Non-Fire
30.06	221	345	203	Non-Fire
30.06	221	349	187	Non-Fire
30.06	219	353	192	Non-Fire
30	217	362	201	Non-Fire
30.06	220	347	195	Non-Fire
30.06	220	355	187	Non-Fire
30.06	221	350	191	Non-Fire
30.06	222	349	204	Non-Fire
30.06	225	358	206	Non-Fire
30.06	223	355	183	Non-Fire
30.06	209	366	202	Non-Fire
30.06	208	359	197	Non-Fire
30.06	208	358	195	Non-Fire
30.06	208	349	204	Non-Fire
30	219	343	205	Non-Fire
30	220	358	186	Non-Fire
30	219	357	191	Non-Fire
30	209	341	192	Non-Fire
30	211	356	190	Non-Fire
30	211	351	199	Non-Fire
30	219	342	195	Non-Fire
30	215	343	185	Non-Fire
30	211	351	181	Non-Fire
30	218	349	191	Non-Fire
30	221	346	198	Non-Fire
30	208	360	204	Non-Fire
30	218	342	183	Non-Fire
30	208	349	193	Non-Fire
30	215	341	183	Non-Fire
29.94	208	357	197	Non-Fire
29.94	208	342	196	Non-Fire
30	208	358	177	Non-Fire
29.94	214	346	191	Non-Fire
29.94	216	350	194	Non-Fire
29.94	216	343	183	Non-Fire
29.94	213	359	198	Non-Fire
29.94	214	354	178	Non-Fire
29.94	213	343	191	Non-Fire
29.94	208	356	196	Non-Fire
29.94	209	352	196	Non-Fire
29.88	218	354	176	Non-Fire
29.88	208	351	183	Non-Fire
29.88	214	357	176	Non-Fire
29.88	205	357	192	Non-Fire
29.88	205	352	193	Non-Fire
29.88	218	342	178	Non-Fire
29.88	214	342	191	Non-Fire
29.88	208	349	190	Non-Fire
29.88	208	357	176	Non-Fire
29.88	204	359	183	Non-Fire
29.88	206	363	192	Non-Fire
29.88	208	354	178	Non-Fire
29.88	210	345	178	Non-Fire
29.88	216	341	190	Non-Fire
29.88	202	352	185	Non-Fire
29.88	204	343	176	Non-Fire
29.81	203	337	183	Non-Fire
29.88	208	345	192	Non-Fire
29.81	213	341	192	Non-Fire
29.81	207	339	189	Non-Fire
29.88	207	353	187	Non-Fire
29.81	207	353	179	Non-Fire
29.88	202	346	177	Non-Fire
29.81	213	341	182	Non-Fire
29.81	214	337	191	Non-Fire
29.81	201	353	172	Non-Fire
29.81	199	338	193	Non-Fire
29.81	208	340	176	Non-Fire
29.88	208	358	177	Non-Fire
29.81	210	354	191	Non-Fire
29.88	211	353	176	Non-Fire
29.81	211	353	192	Non-Fire
29.81	213	337	176	Non-Fire
29.81	208	338	183	Non-Fire
29.88	208	342	175	Non-Fire
29.88	202	343	176	Non-Fire
29.88	213	341	176	Non-Fire
29.88	209	346	176	Non-Fire
29.81	212	351	189	Non-Fire
29.88	211	359	176	Non-Fire
29.88	206	336	179	Non-Fire
29.88	208	346	173	Non-Fire
29.88	209	352	187	Non-Fire
29.88	211	343	177	Non-Fire
29.88	209	353	173	Non-Fire
29.88	206	337	185	Non-Fire
29.88	209	344	188	Non-Fire
29.88	213	341	177	Non-Fire
29.88	208	353	170	Non-Fire
29.88	210	355	190	Non-Fire
29.88	208	352	172	Non-Fire
29.88	214	352	176	Non-Fire
29.88	206	339	177	Non-Fire
29.88	209	340	176	Non-Fire
29.81	208	353	189	Non-Fire
29.88	211	339	176	Non-Fire
29.88	205	352	176	Non-Fire
29.81	208	349	173	Non-Fire
29.81	211	351	188	Non-Fire
29.88	212	353	176	Non-Fire
29.88	209	352	178	Non-Fire
29.88	210	350	176	Non-Fire
29.81	205	357	176	Non-Fire
29.88	205	346	181	Non-Fire
29.88	214	336	175	Non-Fire
29.81	206	357	176	Non-Fire
29.81	199	352	176	Non-Fire
29.81	208	354	186	Non-Fire
29.81	207	356	171	Non-Fire
29.81	199	337	176	Non-Fire
29.81	203	343	176	Non-Fire
29.81	200	352	176	Non-Fire
29.81	203	352	177	Non-Fire
29.81	208	353	193	Non-Fire
29.81	206	341	185	Non-Fire
29.81	201	353	187	Non-Fire
29.81	209	340	170	Non-Fire
29.81	208	355	189	Non-Fire
29.81	202	352	169	Non-Fire
29.81	211	336	174	Non-Fire
29.81	205	349	186	Non-Fire
29.81	198	349	172	Non-Fire
29.81	209	350	177	Non-Fire
29.81	195	342	181	Non-Fire
29.81	208	339	176	Non-Fire
29.81	207	337	174	Non-Fire
29.81	203	336	192	Non-Fire
29.81	200	338	178	Non-Fire
29.81	197	335	173	Non-Fire
29.81	208	337	171	Non-Fire
29.81	203	334	171	Non-Fire
29.81	210	341	182	Non-Fire
29.81	213	346	176	Non-Fire
29.81	208	352	179	Non-Fire
29.81	209	349	182	Non-Fire
29.81	209	354	179	Non-Fire
29.81	208	350	190	Non-Fire
29.81	208	339	190	Non-Fire
29.81	207	336	188	Non-Fire
29.81	209	340	187	Non-Fire
29.81	203	344	188	Non-Fire
29.81	206	337	172	Non-Fire
29.81	210	351	175	Non-Fire
29.81	209	349	187	Non-Fire
29.81	198	339	176	Non-Fire
29.81	208	346	174	Non-Fire
29.81	196	337	189	Non-Fire
29.81	207	337	175	Non-Fire
29.81	211	352	192	Non-Fire
29.81	209	337	185	Non-Fire
29.81	208	339	190	Non-Fire
29.81	199	337	178	Non-Fire
29.81	199	350	169	Non-Fire
29.81	208	345	171	Non-Fire
29.81	209	345	185	Non-Fire
29.81	207	338	188	Non-Fire
29.81	203	339	174	Non-Fire
29.81	202	351	186	Non-Fire
29.81	207	347	177	Non-Fire
29.81	208	336	171	Non-Fire
29.81	208	336	188	Non-Fire
29.75	205	337	176	Non-Fire
29.75	206	350	174	Non-Fire
29.81	203	349	174	Non-Fire
29.75	196	336	173	Non-Fire
29.75	209	346	170	Non-Fire
29.75	195	336	190	Non-Fire
29.75	209	351	170	Non-Fire
29.75	208	354	176	Non-Fire
29.75	203	339	172	Non-Fire
29.75	208	348	176	Non-Fire
29.75	210	342	185	Non-Fire
29.81	208	349	178	Non-Fire
29.81	210	348	167	Non-Fire
29.81	210	343	170	Non-Fire
29.81	202	345	169	Non-Fire
29.75	208	352	176	Non-Fire
29.75	200	338	179	Non-Fire
29.75	208	344	188	Non-Fire
29.75	201	351	170	Non-Fire
29.75	206	338	170	Non-Fire
29.75	202	336	183	Non-Fire
29.75	207	345	173	Non-Fire
29.75	203	345	176	Non-Fire
29.75	194	351	176	Non-Fire
29.75	201	338	192	Non-Fire
29.75	210	354	173	Non-Fire
29.75	208	336	174	Non-Fire
29.75	208	335	176	Non-Fire
29.75	195	347	175	Non-Fire
29.75	201	349	180	Non-Fire
29.75	206	349	175	Non-Fire
29.75	210	338	187	Non-Fire
29.75	212	336	186	Non-Fire
29.75	208	336	186	Non-Fire
29.75	204	336	186	Non-Fire
29.75	207	340	185	Non-Fire
29.69	208	354	170	Non-Fire
29.69	208	335	188	Non-Fire
29.75	207	341	173	Non-Fire
29.69	206	326	173	Non-Fire
29.69	207	347	180	Non-Fire
29.69	205	339	185	Non-Fire
29.69	196	343	180	Non-Fire
29.69	200	336	177	Non-Fire
29.75	206	346	176	Non-Fire
29.69	208	337	186	Non-Fire
29.69	202	348	176	Non-Fire
29.69	202	336	173	Non-Fire
29.69	194	335	175	Non-Fire
29.69	208	347	175	Non-Fire
29.69	198	334	188	Non-Fire
29.69	203	340	166	Non-Fire
29.63	209	347	176	Non-Fire
29.63	207	345	176	Non-Fire
29.63	201	333	170	Non-Fire
29.69	208	338	178	Non-Fire
29.69	196	333	166	Non-Fire
29.69	208	336	176	Non-Fire
29.63	199	348	168	Non-Fire
29.63	209	353	176	Non-Fire
29.63	208	345	188	Non-Fire
29.63	201	339	181	Non-Fire
29.69	202	349	173	Non-Fire
29.69	203	336	181	Non-Fire
29.69	211	346	181	Non-Fire
29.69	207	338	183	Non-Fire
29.69	198	335	190	Non-Fire
29.63	208	347	173	Non-Fire
29.63	208	339	176	Non-Fire
29.63	207	336	187	Non-Fire
29.69	202	336	192	Non-Fire
29.69	201	337	185	Non-Fire
29.69	203	342	190	Non-Fire
29.69	199	336	174	Non-Fire
29.69	209	347	143	Non-Fire
29.69	200	336	175	Non-Fire
29.69	202	339	170	Non-Fire
29.69	203	346	181	Non-Fire
29.69	197	336	180	Non-Fire
29.69	197	335	169	Non-Fire
29.69	209	336	176	Non-Fire
29.69	208	342	175	Non-Fire
29.69	203	341	178	Non-Fire
29.69	206	341	178	Non-Fire
29.69	208	336	181	Non-Fire
29.69	208	338	172	Non-Fire
29.69	198	336	189	Non-Fire
29.69	210	348	176	Non-Fire
29.69	196	346	185	Non-Fire
29.69	211	343	176	Non-Fire
29.69	205	337	190	Non-Fire
29.69	200	346	176	Non-Fire
29.69	204	344	173	Non-Fire
29.69	200	334	180	Non-Fire
29.69	208	347	169	Non-Fire
29.69	205	336	176	Non-Fire
29.69	203	336	172	Non-Fire
29.69	200	336	190	Non-Fire
29.69	202	336	191	Non-Fire
29.75	207	336	176	Non-Fire
29.69	208	339	170	Non-Fire
29.69	205	354	186	Non-Fire
31.19	205	323	171	Non-Fire
31.19	206	323	175	Non-Fire
31.19	206	323	174	Non-Fire
31.19	203	324	171	Non-Fire
31.19	204	321	173	Non-Fire
31.19	205	320	176	Non-Fire
31.19	206	323	176	Non-Fire
31.19	206	325	171	Non-Fire
31.19	208	319	178	Non-Fire
31.19	206	320	178	Non-Fire
31.19	208	318	172	Non-Fire
31.19	208	322	176	Non-Fire
31.19	208	319	173	Non-Fire
31.19	207	322	176	Non-Fire
31.19	208	321	173	Non-Fire
31	206	321	176	Non-Fire
31.06	208	321	174	Non-Fire
31.06	205	321	170	Non-Fire
31.13	207	320	175	Non-Fire
31.13	202	321	176	Non-Fire
31.13	207	320	178	Non-Fire
31.13	208	320	172	Non-Fire
31.06	204	322	171	Non-Fire
31.06	206	320	177	Non-Fire
31.06	206	322	173	Non-Fire
30.94	206	321	176	Non-Fire
30.94	205	320	173	Non-Fire
30.88	206	320	175	Non-Fire
30.81	206	320	178	Non-Fire
30.75	206	321	178	Non-Fire
30.69	205	318	177	Non-Fire
30.69	207	320	180	Non-Fire
30.63	206	320	176	Non-Fire
30.63	203	319	171	Non-Fire
30.56	204	320	177	Non-Fire
30.56	202	320	176	Non-Fire
30.5	207	320	179	Non-Fire
30.44	208	317	176	Non-Fire
30.44	208	320	176	Non-Fire
30.38	205	321	176	Non-Fire
30.38	201	321	176	Non-Fire
30.31	205	318	175	Non-Fire
30.31	201	320	178	Non-Fire
30.25	205	320	179	Non-Fire
30.25	208	320	174	Non-Fire
30.25	208	320	178	Non-Fire
30.25	214	320	180	Non-Fire
30.19	211	320	181	Non-Fire
30.25	208	323	180	Non-Fire
30.31	208	320	176	Non-Fire
30.25	208	319	173	Non-Fire
30.25	208	320	176	Non-Fire
30.38	206	318	165	Non-Fire
30.44	208	321	176	Non-Fire
30.5	209	320	174	Non-Fire
30.56	215	319	178	Non-Fire
30.63	221	318	176	Non-Fire
30.69	208	317	178	Non-Fire
30.81	211	318	176	Non-Fire
30.94	224	320	176	Non-Fire
31	230	320	176	Non-Fire
31.06	235	320	182	Non-Fire
31.13	233	323	186	Non-Fire
31.19	221	318	179	Non-Fire
31.25	219	319	185	Non-Fire
31.25	215	318	176	Non-Fire
31.31	211	319	180	Non-Fire
31.38	211	320	182	Non-Fire
31.44	213	320	175	Non-Fire
31.5	211	321	183	Non-Fire
31.56	208	321	176	Non-Fire
31.63	208	321	176	Non-Fire
31.69	208	320	179	Non-Fire
31.75	210	324	177	Non-Fire
31.81	218	331	186	Non-Fire
31.94	223	336	192	Non-Fire
31.94	215	331	183	Non-Fire
32	213	336	179	Non-Fire
32.06	213	336	181	Non-Fire
32.06	211	336	185	Non-Fire
32.13	215	337	180	Non-Fire
32.19	215	341	188	Non-Fire
32.25	218	343	192	Non-Fire
32.5	226	343	187	Non-Fire
32.5	229	341	199	Non-Fire
33.38	289	364	270	Non-Fire
33.81	324	370	304	Non-Fire
34.81	345	392	321	Non-Fire
35.13	336	390	314	Non-Fire
35.5	362	396	321	Non-Fire
35.69	369	400	336	Non-Fire
36.38	395	410	368	Non-Fire
36.38	384	414	357	Non-Fire
36.06	320	400	301	Non-Fire
35.56	240	363	209	Non-Fire
35.63	268	365	212	Non-Fire
36.19	305	370	239	Non-Fire
36.75	272	373	241	Non-Fire
36.69	271	368	230	Non-Fire
36.63	258	365	226	Non-Fire
36.63	253	363	221	Non-Fire
36.5	245	363	214	Non-Fire
36.69	282	366	235	Non-Fire
36.63	278	365	226	Non-Fire
36.69	283	364	240	Non-Fire
36.63	276	363	232	Non-Fire
36.63	277	362	232	Non-Fire
36.88	321	379	274	Non-Fire
37.25	353	394	305	Non-Fire
37.13	323	386	271	Non-Fire
37.06	318	389	275	Non-Fire
37.06	310	391	268	Non-Fire
37.44	329	387	285	Non-Fire
37.19	291	378	250	Non-Fire
37.06	272	368	236	Non-Fire
37.13	285	372	241	Non-Fire
37.06	269	368	233	Non-Fire
37.06	264	367	230	Non-Fire
37	256	365	221	Non-Fire
37.13	267	365	220	Non-Fire
37.38	302	381	247	Non-Fire
37.19	271	371	225	Non-Fire
37.56	304	378	246	Non-Fire
38.38	354	411	273	Non-Fire
40.19	384	438	325	Non-Fire
38.94	349	431	317	Non-Fire
39.38	371	437	327	Non-Fire
40.25	387	464	325	Non-Fire
39.63	324	454	285	Non-Fire
39	281	426	260	Non-Fire
39	307	454	269	Non-Fire
38.88	303	432	262	Non-Fire
38.81	269	422	247	Non-Fire
38.75	272	415	231	Non-Fire
38.88	283	465	240	Non-Fire
39.25	298	494	233	Non-Fire
39.38	275	474	230	Non-Fire
40.31	307	531	239	Non-Fire
39.63	318	526	230	Non-Fire
39.31	265	496	213	Non-Fire
39.13	245	463	212	Non-Fire
39.31	302	496	225	Non-Fire
38.94	239	439	205	Non-Fire
38.88	253	433	203	Non-Fire
38.88	238	419	201	Non-Fire
38.88	228	411	199	Non-Fire
38.88	240	412	197	Non-Fire
40.13	315	496	211	Non-Fire
39.63	282	511	209	Non-Fire
39.31	256	494	201	Non-Fire
39	236	464	200	Non-Fire
38.94	240	443	195	Non-Fire
38.94	227	412	194	Non-Fire
38.88	222	413	197	Non-Fire
39	241	432	201	Non-Fire
39.5	254	454	202	Non-Fire
39.06	238	433	197	Non-Fire
38.94	234	451	192	Non-Fire
38.94	225	408	195	Non-Fire
38.94	222	399	191	Non-Fire
38.94	224	389	192	Non-Fire
38.94	224	385	193	Non-Fire
38.94	226	390	191	Non-Fire
38.94	224	386	189	Non-Fire
38.94	228	384	191	Non-Fire
39.19	246	400	196	Non-Fire
39	240	405	192	Non-Fire
38.81	238	409	195	Non-Fire
38.81	235	412	193	Non-Fire
38.69	222	382	190	Non-Fire
32.13	221	346	186	Non-Fire
32.19	219	345	187	Non-Fire
32.19	215	344	186	Non-Fire
32.25	219	345	189	Non-Fire
32.31	214	347	1747	Non-Fire
32.38	212	343	178	Non-Fire
32.38	221	343	181	Non-Fire
32.44	214	343	180	Non-Fire
32.44	217	341	181	Non-Fire
32.5	214	339	186	Non-Fire
32.5	213	345	178	Non-Fire
32.56	218	342	186	Non-Fire
32.63	213	346	178	Non-Fire
32.63	212	344	186	Non-Fire
32.69	215	338	182	Non-Fire
32.69	214	345	186	Non-Fire
32.75	211	341	182	Non-Fire
32.81	212	343	179	Non-Fire
32.81	212	347	182	Non-Fire
32.81	213	346	178	Non-Fire
32.88	211	346	182	Non-Fire
32.94	213	347	180	Non-Fire
33	209	345	180	Non-Fire
33	210	347	176	Non-Fire
33	211	346	177	Non-Fire
33.06	219	346	177	Non-Fire
33.13	210	346	177	Non-Fire
33.13	213	346	182	Non-Fire
33.19	221	352	186	Non-Fire
33.31	224	349	188	Non-Fire
33.38	210	346	178	Non-Fire
33.5	209	343	183	Non-Fire
33.5	211	347	179	Non-Fire
33.5	209	344	177	Non-Fire
33.5	208	347	177	Non-Fire
33.56	209	345	181	Non-Fire
33.63	209	347	179	Non-Fire
33.63	210	343	176	Non-Fire
33.81	208	344	182	Non-Fire
33.88	221	351	181	Non-Fire
33.81	210	348	181	Non-Fire
33.94	214	359	185	Non-Fire
33.94	212	351	180	Non-Fire
33.94	208	352	178	Non-Fire
33.94	208	346	176	Non-Fire
33.94	208	347	179	Non-Fire
33.94	208	339	176	Non-Fire
33.94	208	343	181	Non-Fire
33.94	207	343	177	Non-Fire
34	206	342	176	Non-Fire
33.94	208	341	178	Non-Fire
34	208	341	180	Non-Fire
34.06	210	352	177	Non-Fire
34.13	210	351	182	Non-Fire
34.19	211	376	185	Non-Fire
35	227	368	188	Non-Fire
35.06	226	393	188	Non-Fire
37.25	273	448	206	Non-Fire
37.94	287	483	208	Non-Fire
37.5	250	451	205	Non-Fire
37.5	249	452	208	Non-Fire
37.25	265	479	206	Non-Fire
39.19	272	496	209	Non-Fire
38.56	240	464	208	Non-Fire
38.31	237	446	202	Non-Fire
38.06	225	432	206	Non-Fire
40.75	298	546	220	Non-Fire
40.81	283	545	218	Non-Fire
43.56	287	529	221	Non-Fire
43.5	276	531	226	Non-Fire
42.19	289	605	229	Non-Fire
41.69	260	585	219	Non-Fire
41.25	254	561	211	Non-Fire
45.75	315	600	229	Non-Fire
48.44	322	667	240	Non-Fire
36.88	339	357	228	Non-Fire
36.75	624	374	491	Non-Fire
36.69	500	379	470	Non-Fire
36.75	391	373	378	Non-Fire
36.75	350	368	336	Non-Fire
36.81	335	368	314	Non-Fire
36.81	320	367	298	Non-Fire
36.81	305	367	284	Non-Fire
36.88	304	367	273	Non-Fire
37.13	537	367	432	Non-Fire
37	633	371	576	Non-Fire
37	464	371	490	Non-Fire
37.06	377	367	385	Non-Fire
37.06	347	365	340	Non-Fire
37.13	333	362	325	Non-Fire
37.13	320	365	310	Non-Fire
37.13	310	363	300	Non-Fire
37.13	309	359	290	Non-Fire
37.19	302	359	283	Non-Fire
37.63	531	361	318	Non-Fire
37.56	496	377	464	Non-Fire
37.56	407	370	400	Non-Fire
37.56	346	366	337	Non-Fire
37.63	323	362	304	Non-Fire
37.63	310	362	297	Non-Fire
37.69	301	356	282	Non-Fire
34.13	208	330	177	Potential Fire
34.13	208	334	177	Potential Fire
34.13	227	352	208	Potential Fire
34.13	202	329	176	Potential Fire
34.19	208	331	181	Potential Fire
34.25	208	334	181	Potential Fire
34.31	208	327	184	Potential Fire
34.75	221	336	192	Potential Fire
34.94	229	338	203	Potential Fire
35	227	340	199	Potential Fire
35.13	225	342	205	Potential Fire
35.25	227	342	202	Potential Fire
35.5	231	346	214	Potential Fire
35.88	236	350	220	Potential Fire
35.88	229	348	209	Potential Fire
35.88	235	347	208	Potential Fire
35.94	235	345	220	Potential Fire
36.06	233	347	208	Potential Fire
36.25	238	347	215	Potential Fire
36.44	240	351	212	Potential Fire
36.56	230	348	213	Potential Fire
36.69	237	349	215	Potential Fire
36.94	238	350	222	Potential Fire
37.19	234	342	213	Potential Fire
37.25	236	345	211	Potential Fire
37.56	241	348	222	Potential Fire
37.88	240	348	219	Potential Fire
38.06	240	353	213	Potential Fire
38.75	242	349	220	Potential Fire
39.25	247	351	229	Potential Fire
39.25	249	352	231	Potential Fire
39.63	253	353	226	Potential Fire
40.38	257	359	233	Potential Fire
40.69	261	355	238	Potential Fire
41	266	360	243	Potential Fire
41.25	267	365	240	Potential Fire
41.31	263	362	240	Potential Fire
41.38	259	363	235	Potential Fire
41.75	258	368	236	Potential Fire
42	253	368	239	Potential Fire
42.56	256	368	236	Potential Fire
43.56	256	368	240	Potential Fire
43.5	256	368	247	Potential Fire
44.38	258	368	242	Potential Fire
44.56	270	368	251	Potential Fire
45.06	262	368	248	Potential Fire
44.94	264	368	240	Potential Fire
45.13	257	367	234	Potential Fire
45.63	257	364	234	Potential Fire
45.81	257	362	233	Potential Fire
46.56	268	368	250	Potential Fire
47.19	265	367	240	Potential Fire
47.5	257	368	237	Potential Fire
48.13	257	366	242	Potential Fire
49.19	263	365	241	Potential Fire
49.25	256	360	243	Potential Fire
48.94	257	366	240	Potential Fire
48.31	240	355	218	Potential Fire
48.56	245	356	213	Potential Fire
49.75	254	365	222	Potential Fire
49.75	247	358	221	Potential Fire
50.31	250	361	224	Potential Fire
50.13	256	366	225	Potential Fire
50.56	259	362	234	Potential Fire
50.31	256	361	231	Potential Fire
50.63	256	365	228	Potential Fire
50.25	249	353	214	Potential Fire
50.81	256	358	225	Potential Fire
50.63	258	359	233	Potential Fire
51.13	262	362	238	Potential Fire
52.06	256	361	231	Potential Fire
51.44	256	362	227	Potential Fire
50.88	240	354	217	Potential Fire
50.81	243	361	215	Potential Fire
50.75	246	359	223	Potential Fire
50.69	243	355	215	Potential Fire
50.69	240	355	223	Potential Fire
50.56	237	357	219	Potential Fire
50.69	241	361	218	Potential Fire
51.06	248	363	226	Potential Fire
51.13	245	362	226	Potential Fire
51.06	248	363	224	Potential Fire
51.31	250	358	228	Potential Fire
51.81	250	362	226	Potential Fire
51.81	256	368	225	Potential Fire
51.69	256	366	226	Potential Fire
52.19	262	364	226	Potential Fire
52.44	272	364	226	Potential Fire
52.38	273	368	229	Potential Fire
52.31	266	364	224	Potential Fire
52.75	275	368	241	Potential Fire
53.88	282	369	241	Potential Fire
54.13	290	377	245	Potential Fire
53.69	274	370	233	Potential Fire
54.56	271	370	235	Potential Fire
54.5	265	368	225	Potential Fire
54.5	266	373	234	Potential Fire
54.31	267	374	243	Potential Fire
54.38	266	368	244	Potential Fire
54.44	269	369	244	Potential Fire
55.63	267	368	240	Potential Fire
55.44	233	363	224	Potential Fire
55.69	256	365	223	Potential Fire
55.94	260	368	240	Potential Fire
55.94	267	364	243	Potential Fire
55.94	267	361	240	Potential Fire
56.81	266	358	230	Potential Fire
56.88	258	358	231	Potential Fire
56.44	259	356	231	Potential Fire
56.44	256	354	228	Potential Fire
56.38	263	362	226	Potential Fire
56.44	268	368	242	Potential Fire
57.56	269	364	236	Potential Fire
57.31	278	367	254	Potential Fire
58.63	269	373	252	Potential Fire
59.5	283	368	277	Potential Fire
57.25	384	384	434	Potential Fire
57	477	407	524	Potential Fire
56.88	474	421	534	Potential Fire
56.75	496	422	560	Potential Fire
56.5	465	422	548	Potential Fire
56.38	403	411	466	Potential Fire
56.31	384	402	435	Potential Fire
41.56	247	341	224	Fire
41.63	269	347	247	Fire
41.69	292	358	278	Fire
41.88	319	367	311	Fire
41.94	310	368	304	Fire
42	314	368	301	Fire
42.06	320	371	322	Fire
42	325	374	317	Fire
42	416	404	426	Fire
42	418	407	432	Fire
42.06	432	418	453	Fire
42.06	435	416	461	Fire
42.19	440	422	462	Fire
42.13	441	426	464	Fire
42.31	474	435	498	Fire
42.5	466	436	489	Fire
42.56	475	443	487	Fire
42.56	470	442	469	Fire
42.75	534	460	550	Fire
43	591	477	622	Fire
43.38	675	511	727	Fire
43.63	625	511	671	Fire
43.88	635	519	682	Fire
43.75	597	507	642	Fire
43.81	602	511	644	Fire
44.13	658	531	709	Fire
44.19	651	537	689	Fire
44.5	691	551	727	Fire
44.5	740	570	788	Fire
44.69	688	565	733	Fire
44.75	693	567	732	Fire
44.75	766	583	816	Fire
44.88	807	596	855	Fire
44.88	827	609	896	Fire
45.06	809	609	873	Fire
45.25	764	600	823	Fire
45.38	778	597	829	Fire
45.88	782	597	842	Fire
46.38	764	599	833	Fire
47.5	717	592	768	Fire
47.69	770	595	821	Fire
48.31	752	599	801	Fire
49.5	795	614	851	Fire
49.81	784	620	866	Fire
49.81	890	641	976	Fire
50.56	777	623	834	Fire
51.13	743	615	795	Fire
51.31	674	601	715	Fire
51.75	657	593	694	Fire
51.69	646	592	659	Fire
51.75	628	586	650	Fire
51.44	654	587	672	Fire
51.31	700	605	756	Fire
52.31	753	613	816	Fire
52.63	733	605	799	Fire
52.38	739	611	801	Fire
52.19	736	622	797	Fire
52.44	745	622	810	Fire
52.56	851	656	944	Fire
53.31	840	656	926	Fire
53.69	772	641	848	Fire
53.38	690	621	759	Fire
53.5	661	607	720	Fire
54	806	638	884	Fire
53.94	755	635	831	Fire
55.19	759	640	832	Fire
55.19	739	639	796	Fire
56.31	729	641	777	Fire
56.13	746	645	790	Fire
57	738	646	801	Fire
57.94	687	633	743	Fire
58.88	652	624	718	Fire
59.13	632	613	677	Fire
61.19	645	615	703	Fire
62.06	625	606	679	Fire
63.25	625	606	691	Fire
65.25	572	592	616	Fire
66.56	565	587	599	Fire
66.56	544	577	578	Fire
66.56	535	569	560	Fire
66.56	529	563	562	Fire
66.56	550	565	579	Fire
66.56	528	559	565	Fire
66.56	564	569	606	Fire
66.56	541	560	585	Fire
66.56	603	576	642	Fire
66.56	650	592	690	Fire
66.56	700	609	747	Fire
66.56	795	634	834	Fire
66.56	793	640	836	Fire
66.56	765	640	819	Fire
66.56	775	641	829	Fire
66.56	880	667	937	Fire
66.56	859	674	919	Fire
66.56	783	656	826	Fire
66.56	726	640	777	Fire
66.56	701	630	750	Fire
66.56	751	637	812	Fire
66.56	724	637	769	Fire
66.56	688	629	738	Fire
66.56	668	624	714	Fire
66.56	655	618	707	Fire
66.56	622	608	670	Fire
66.56	614	594	647	Fire
66.56	601	594	640	Fire
66.56	582	592	620	Fire
66.56	536	573	553	Fire
66.56	508	562	526	Fire
66.56	466	549	476	Fire
66.56	447	537	444	Fire
66.56	425	529	414	Fire
66.56	422	521	410	Fire
66.56	452	528	471	Fire
66.56	505	539	541	Fire
66.56	657	574	706	Fire
66.56	759	608	821	Fire
66.56	826	637	907	Fire
66.56	821	651	898	Fire
66.56	880	669	961	Fire
66.56	897	681	993	Fire
66.56	1106	730	1237	Fire
66.56	1101	752	1258	Fire
66.56	1033	738	1179	Fire
66.56	983	725	1136	Fire
66.56	971	721	1109	Fire
66.56	914	710	1054	Fire
66.56	879	699	995	Fire
66.56	733	662	831	Fire
66.56	699	647	780	Fire
66.56	719	647	797	Fire
66.56	682	639	753	Fire
66.56	653	626	721	Fire
66.56	709	636	789	Fire
66.56	720	641	816	Fire
66.56	764	654	870	Fire
66.56	763	654	883	Fire
66.56	827	673	967	Fire
66.56	877	688	1047	Fire
66.56	941	700	1151	Fire
66.56	924	708	1174	Fire
66.56	1152	766	1390	Fire
66.56	1152	784	1435	Fire
66.56	1038	761	1298	Fire
66.56	926	738	1168	Fire
66.56	863	721	1087	Fire
66.56	832	709	1023	Fire
66.56	816	699	993	Fire
66.56	848	706	1031	Fire
66.56	896	724	1060	Fire
66.56	894	730	1055	Fire
66.56	854	723	1034	Fire
66.56	927	746	1121	Fire
66.56	971	755	1157	Fire
66.56	882	741	1072	Fire
66.56	848	726	1023	Fire
66.56	781	705	954	Fire
66.56	816	717	999	Fire
66.56	836	720	1014	Fire
66.56	838	731	1017	Fire
66.56	752	706	912	Fire
66.56	720	694	871	Fire
66.56	719	687	896	Fire
66.56	707	673	869	Fire
66.56	709	674	869	Fire
66.56	725	671	896	Fire
66.56	799	686	984	Fire
66.56	798	689	999	Fire
66.56	891	706	1135	Fire
66.56	800	690	1011	Fire
66.56	754	679	951	Fire
66.56	656	655	817	Fire
66.56	624	638	763	Fire
66.56	588	633	711	Fire
66.56	581	623	709	Fire
66.56	654	640	821	Fire
66.56	658	640	848	Fire
66.56	586	619	727	Fire
66.56	581	619	717	Fire
66.56	557	609	668	Fire
66.56	551	601	656	Fire
66.56	528	599	630	Fire
66.56	529	589	629	Fire
66.56	528	592	656	Fire
66.56	511	586	642	Fire
66.56	501	576	631	Fire
66.56	476	567	591	Fire
66.56	485	566	607	Fire
66.56	481	562	612	Fire
66.56	549	570	699	Fire
66.56	627	581	802	Fire
66.56	603	578	781	Fire
66.56	612	580	790	Fire
66.56	592	576	763	Fire
66.56	605	576	789	Fire
66.56	637	586	826	Fire
66.56	660	588	830	Fire
66.56	688	592	862	Fire
66.56	693	597	878	Fire
66.56	794	617	997	Fire
66.56	748	613	931	Fire
66.56	751	614	930	Fire
66.56	819	634	1005	Fire
66.56	999	657	1216	Fire
66.56	866	644	1094	Fire
66.56	799	635	1007	Fire
66.56	897	655	1107	Fire
66.56	940	670	1183	Fire
66.56	848	653	1067	Fire
66.56	993	671	1200	Fire
66.56	921	660	1156	Fire
66.56	975	673	1211	Fire
66.56	869	656	1115	Fire
66.56	823	653	1065	Fire
66.56	859	661	1088	Fire
66.56	946	685	1167	Fire
66.56	817	658	1034	Fire
66.56	820	667	1039	Fire
66.56	817	659	1023	Fire
66.56	801	654	991	Fire
66.56	849	659	1067	Fire
66.56	946	677	1153	Fire
66.56	1274	752	1478	Fire
66.56	1201	768	1465	Fire
66.56	1231	784	1472	Fire
66.56	1230	797	1487	Fire
66.56	1180	794	1427	Fire
66.56	1385	848	1626	Fire
66.56	1437	878	1672	Fire
66.56	1430	898	1664	Fire
66.56	1456	915	1650	Fire
66.56	1398	917	1584	Fire
66.56	1383	926	1553	Fire
66.56	1437	948	1587	Fire
66.56	1396	945	1519	Fire
66.56	1325	933	1424	Fire
66.56	1397	960	1520	Fire
66.56	1329	950	1440	Fire
66.56	1375	978	1462	Fire
66.56	1364	970	1440	Fire
66.56	1323	968	1403	Fire
66.56	1322	969	1394	Fire
66.56	1317	976	1356	Fire
66.56	1238	959	1307	Fire
66.56	1224	951	1293	Fire
66.56	1323	976	1380	Fire
66.56	1314	977	1357	Fire
66.56	1207	953	1258	Fire
66.56	1242	962	1287	Fire
66.56	1287	974	1327	Fire
66.56	1166	949	1254	Fire
66.56	1120	935	1170	Fire
66.56	1114	923	1159	Fire
66.56	1011	895	1078	Fire
66.56	1051	899	1104	Fire
66.56	1072	909	1126	Fire
66.56	1066	897	1125	Fire
66.56	982	878	1050	Fire
66.56	942	850	986	Fire
66.56	976	864	1030	Fire
66.56	1018	874	1067	Fire
66.56	991	867	1040	Fire
66.56	921	847	968	Fire
66.56	925	848	973	Fire
66.56	894	833	943	Fire
66.56	931	846	976	Fire
66.56	923	841	960	Fire
66.56	906	842	944	Fire
66.56	928	848	977	Fire
66.56	914	842	961	Fire
66.56	961	851	1001	Fire
66.56	922	835	970	Fire
66.56	889	826	923	Fire
66.56	896	830	918	Fire
66.56	910	832	942	Fire
66.56	911	832	931	Fire
66.56	947	849	955	Fire
66.56	870	828	901	Fire
66.56	893	831	901	Fire
66.56	821	810	837	Fire
66.56	855	804	857	Fire
66.56	851	814	870	Fire
66.56	866	815	876	Fire
66.56	806	793	811	Fire
66.56	811	790	820	Fire
66.56	817	802	846	Fire
66.56	859	807	880	Fire
66.56	832	803	859	Fire
66.56	854	810	863	Fire
66.56	767	781	782	Fire
66.56	754	766	760	Fire
66.56	752	762	753	Fire
66.56	723	749	731	Fire
66.56	725	747	730	Fire
66.56	693	736	706	Fire
66.56	649	718	656	Fire
66.56	656	709	671	Fire
66.56	687	720	700	Fire
66.56	667	709	679	Fire
66.56	720	720	729	Fire
66.56	719	724	727	Fire
66.56	708	724	729	Fire
66.56	667	710	681	Fire
66.56	683	714	704	Fire
66.56	688	715	705	Fire
66.56	707	719	720	Fire
66.56	685	719	707	Fire
66.56	683	715	701	Fire
66.56	657	699	682	Fire
43.56	647	485	721	Fire
43.75	720	510	791	Fire
43.88	732	528	803	Fire
44.25	820	554	897	Fire
44.5	945	596	1039	Fire
45.19	960	612	1060	Fire
46.44	954	620	1040	Fire
46.69	850	595	898	Fire
47.44	848	597	902	Fire
48	821	594	851	Fire
49.31	831	592	847	Fire
50.06	848	606	880	Fire
50.88	869	616	893	Fire
50.88	862	620	883	Fire
51.5	892	625	913	Fire
52	915	634	924	Fire
53	814	615	832	Fire
54.06	771	598	773	Fire
55.44	752	592	752	Fire
56.25	751	591	748	Fire
58.13	752	589	755	Fire
58.13	750	591	762	Fire
57.88	770	590	773	Fire
57.38	830	605	849	Fire
57	1008	651	1011	Fire
57.13	1015	663	1056	Fire
57.25	965	655	1004	Fire
57.56	1071	674	1107	Fire
57.31	1151	701	1151	Fire
57	1255	745	1313	Fire
56.94	1267	753	1351	Fire
56.56	1267	758	1353	Fire
56.44	1237	759	1335	Fire
56.19	1219	756	1321	Fire
56.19	1206	755	1281	Fire
57	1136	735	1206	Fire
58.31	1147	736	1197	Fire
59.19	1142	736	1190	Fire
60.56	1059	716	1101	Fire
61.19	982	688	1041	Fire
60.88	1023	700	1077	Fire
61.25	1057	708	1083	Fire
61.25	1143	737	1156	Fire
62.13	1088	732	1097	Fire
62.13	1058	721	1053	Fire
62.13	1083	722	1090	Fire
62.13	1319	786	1344	Fire
62.13	1422	833	1471	Fire
62.13	1417	845	1501	Fire
62.13	1232	803	1359	Fire
62.13	1213	802	1323	Fire
62.13	1072	753	1167	Fire
62.13	944	706	1012	Fire
62.13	912	689	982	Fire
62.13	883	672	960	Fire
62.13	880	669	976	Fire
62.13	903	677	1003	Fire
62.13	909	679	1023	Fire
62.13	921	675	1019	Fire
62.13	885	662	976	Fire
62.13	845	650	917	Fire
62.13	842	643	927	Fire
62.13	805	636	887	Fire
62.13	805	630	874	Fire
62.13	797	625	873	Fire
62.13	835	630	913	Fire
62.13	901	648	998	Fire
62.13	951	667	1063	Fire
62.13	1044	691	1161	Fire
62.13	950	683	1074	Fire
62.13	835	650	962	Fire
62.13	845	642	981	Fire
62.13	832	638	969	Fire
62.13	792	631	897	Fire
62.13	776	624	877	Fire
62.13	832	630	913	Fire
62.13	883	641	966	Fire
62.13	975	674	1099	Fire
62.13	921	662	1063	Fire
62.13	875	656	1010	Fire
62.13	816	640	946	Fire
62.13	785	626	908	Fire
62.13	789	627	903	Fire
62.13	765	614	883	Fire
62.13	718	601	824	Fire
62.13	690	591	795	Fire
62.13	737	596	851	Fire
62.13	713	593	828	Fire
62.13	721	592	817	Fire
62.13	731	592	823	Fire
62.13	816	617	916	Fire
62.13	746	595	822	Fire
62.13	801	610	909	Fire
62.13	845	629	977	Fire
62.13	1019	677	1154	Fire
62.13	991	673	1139	Fire
62.13	1044	688	1141	Fire
62.13	955	669	1072	Fire
62.13	993	659	1092	Fire
62.13	945	659	1073	Fire
62.13	974	656	1103	Fire
62.13	972	659	1110	Fire
62.13	940	651	1075	Fire
62.13	942	646	1074	Fire
62.13	944	643	1072	Fire
62.13	964	651	1101	Fire
62.13	960	654	1104	Fire
62.13	955	656	1091	Fire
62.13	971	656	1088	Fire
62.13	938	651	1055	Fire
62.13	894	637	1008	Fire
62.13	911	639	1023	Fire
62.13	919	650	1048	Fire
62.13	951	658	1071	Fire
62.13	927	656	1055	Fire
62.13	1045	674	1159	Fire
62.13	1102	714	1254	Fire
62.13	1145	727	1301	Fire
62.13	1122	730	1289	Fire
62.13	1051	714	1220	Fire
62.13	1101	726	1296	Fire
62.13	1180	757	1396	Fire
62.13	1126	743	1335	Fire
62.13	1012	706	1181	Fire
62.13	1056	715	1216	Fire
62.13	1010	707	1180	Fire
62.13	976	702	1143	Fire
62.13	975	702	1136	Fire
62.13	914	688	1083	Fire
62.13	867	676	1040	Fire
62.13	933	688	1088	Fire
62.13	1123	742	1319	Fire
62.13	1083	740	1277	Fire
62.13	1070	727	1231	Fire
62.13	1138	752	1310	Fire
62.13	1023	730	1199	Fire
62.13	896	688	1042	Fire
62.13	805	660	942	Fire
62.13	768	644	892	Fire
62.13	752	636	864	Fire
62.13	731	625	841	Fire
62.13	710	618	826	Fire
62.13	772	638	893	Fire
62.13	778	635	880	Fire
62.13	697	615	803	Fire
62.13	688	611	784	Fire
62.13	679	598	775	Fire
62.13	640	590	750	Fire
62.13	619	579	723	Fire
62.13	623	576	717	Fire
62.13	579	565	689	Fire
62.13	640	572	742	Fire
62.13	589	561	702	Fire
62.13	621	561	722	Fire
62.13	581	553	708	Fire
62.13	592	547	706	Fire
62.13	560	536	688	Fire
62.13	621	549	735	Fire
62.13	609	551	762	Fire
62.13	620	546	765	Fire
62.13	587	544	725	Fire
62.13	551	537	686	Fire
62.13	607	555	742	Fire
62.13	574	548	713	Fire
62.13	579	556	713	Fire
62.13	582	560	725	Fire
62.13	503	528	640	Fire
62.13	496	511	620	Fire
62.13	485	499	598	Fire
62.13	477	496	594	Fire
62.13	524	503	643	Fire
62.13	528	502	640	Fire
62.13	535	503	640	Fire
62.13	542	501	642	Fire
62.13	539	501	658	Fire
62.13	530	497	659	Fire
62.13	507	487	609	Fire
62.13	543	496	664	Fire
62.13	545	496	685	Fire
62.13	589	511	752	Fire
62.13	640	528	797	Fire
62.13	761	560	961	Fire
62.13	704	549	900	Fire
62.13	789	568	991	Fire
62.13	805	573	976	Fire
62.13	800	573	976	Fire
62.13	807	571	976	Fire
62.13	784	561	951	Fire
62.13	769	561	930	Fire
62.13	770	562	947	Fire
62.13	812	572	955	Fire
62.13	839	582	981	Fire
62.13	855	589	994	Fire
62.13	842	581	959	Fire
62.13	875	592	986	Fire
62.13	920	602	1018	Fire
62.13	914	606	1003	Fire
62.13	896	610	989	Fire
62.13	883	598	970	Fire
62.13	960	617	1084	Fire
62.13	993	625	1138	Fire
62.13	1007	634	1127	Fire
62.13	932	624	1068	Fire
62.13	977	627	1082	Fire
62.13	1091	655	1203	Fire
62.13	1152	669	1257	Fire
62.13	1174	674	1284	Fire
62.13	1119	665	1237	Fire
62.13	1019	647	1137	Fire
62.13	970	634	1087	Fire
62.13	930	625	1039	Fire
62.13	954	625	1043	Fire
62.13	1022	640	1117	Fire
62.13	1040	651	1125	Fire
62.13	1054	655	1144	Fire
62.13	1038	649	1104	Fire
62.13	1072	656	1137	Fire
62.13	1017	650	1104	Fire
62.13	1003	647	1105	Fire
62.13	914	629	996	Fire
62.13	922	630	993	Fire
62.13	961	637	1023	Fire
62.13	923	629	983	Fire
62.13	944	636	1011	Fire
62.13	937	637	997	Fire
62.13	944	638	1010	Fire
62.13	965	646	1019	Fire
62.13	995	654	1058	Fire
62.13	1008	659	1068	Fire
62.13	953	650	1015	Fire
62.13	913	638	972	Fire
62.13	979	651	1020	Fire
62.13	945	650	1010	Fire
62.13	931	640	1003	Fire
62.13	912	635	973	Fire
62.13	915	638	970	Fire
62.13	942	641	997	Fire
62.13	907	640	960	Fire
62.13	848	619	912	Fire
62.13	870	620	951	Fire
62.13	959	645	1046	Fire
62.13	953	653	1010	Fire
62.13	948	651	1010	Fire
62.13	1130	690	1156	Fire
62.13	1065	686	1088	Fire
62.13	1100	699	1119	Fire
62.13	1046	688	1067	Fire
62.13	960	666	976	Fire
62.13	871	631	925	Fire
62.13	883	636	930	Fire
62.13	839	620	899	Fire
62.13	947	644	1011	Fire
62.13	944	642	1031	Fire
62.13	994	650	1065	Fire
62.13	966	645	1043	Fire
62.13	912	626	1005	Fire
62.13	855	610	951	Fire
62.13	845	609	926	Fire
62.13	780	594	866	Fire
62.13	799	592	883	Fire
62.13	827	592	899	Fire
62.13	864	604	957	Fire
62.13	879	599	977	Fire
62.13	876	600	974	Fire
62.13	915	607	1023	Fire
